plant_id,plant_name,month,net_gen_mwh,year,county,state,hours_in_month,plant_capacity_mw,max_gen_plant_mwh,cf_plant,max_gen_portfolio_mwh,cf_portfolio
58242,Pattern Panhandle Wind LLC,1,64182.0,2015,Carson,TX,744,218.0,162192.0,0.3957161882213673,297600,0.21566532258064516
58720,Pattern Panhandle Wind 2 LLC,1,59737.0,2015,Carson,TX,744,181.7,135184.8,0.4418913960741149,297600,0.20072916666666665
58242,Pattern Panhandle Wind LLC,2,59207.0,2015,Carson,TX,672,218.0,146496.0,0.404154379641765,268800,0.2202641369047619
58720,Pattern Panhandle Wind 2 LLC,2,54743.0,2015,Carson,TX,672,181.7,122102.4,0.4483368058285505,268800,0.20365699404761906
58242,Pattern Panhandle Wind LLC,3,53293.0,2015,Carson,TX,744,218.0,162192.0,0.3285797080003946,297600,0.17907594086021505
58720,Pattern Panhandle Wind 2 LLC,3,55620.0,2015,Carson,TX,744,181.7,135184.8,0.4114367887513981,297600,0.18689516129032258
58242,Pattern Panhandle Wind LLC,4,71894.0,2015,Carson,TX,720,218.0,156960.0,0.4580402650356779,288000,0.24963194444444445
58720,Pattern Panhandle Wind 2 LLC,4,74944.0,2015,Carson,TX,720,181.7,130823.99999999999,0.5728612487005443,288000,0.26022222222222224
58242,Pattern Panhandle Wind LLC,5,65144.0,2015,Carson,TX,744,218.0,162192.0,0.4016474302061754,297600,0.2188978494623656
58720,Pattern Panhandle Wind 2 LLC,5,68176.0,2015,Carson,TX,744,181.7,135184.8,0.5043170533965358,297600,0.22908602150537635
58242,Pattern Panhandle Wind LLC,6,61094.0,2015,Carson,TX,720,218.0,156960.0,0.3892329255861366,288000,0.21213194444444444
58720,Pattern Panhandle Wind 2 LLC,6,66970.0,2015,Carson,TX,720,181.7,130823.99999999999,0.5119091298232741,288000,0.2325347222222222
58242,Pattern Panhandle Wind LLC,7,58877.0,2015,Carson,TX,744,218.0,162192.0,0.3630080398540002,297600,0.1978393817204301
58720,Pattern Panhandle Wind 2 LLC,7,65362.0,2015,Carson,TX,744,181.7,135184.8,0.48350110367437765,297600,0.21963037634408603
58242,Pattern Panhandle Wind LLC,8,50865.0,2015,Carson,TX,744,218.0,162192.0,0.31360979579757325,297600,0.17091733870967743
58720,Pattern Panhandle Wind 2 LLC,8,60453.0,2015,Carson,TX,744,181.7,135184.8,0.4471878495215439,297600,0.20313508064516128
58242,Pattern Panhandle Wind LLC,9,63152.0,2015,Carson,TX,720,218.0,156960.0,0.4023445463812436,288000,0.21927777777777777
58720,Pattern Panhandle Wind 2 LLC,9,70962.0,2015,Carson,TX,720,181.7,130823.99999999999,0.5424234085488902,288000,0.24639583333333334
58242,Pattern Panhandle Wind LLC,10,54593.0,2015,Carson,TX,744,218.0,162192.0,0.33659489987175695,297600,0.18344422043010752
58720,Pattern Panhandle Wind 2 LLC,10,58531.0,2015,Carson,TX,744,181.7,135184.8,0.4329702747646185,297600,0.19667674731182797
58242,Pattern Panhandle Wind LLC,11,73663.0,2015,Carson,TX,720,218.0,156960.0,0.4693106523955148,288000,0.2557743055555556
58720,Pattern Panhandle Wind 2 LLC,11,76546.0,2015,Carson,TX,720,181.7,130823.99999999999,0.5851067082492509,288000,0.2657847222222222
58242,Pattern Panhandle Wind LLC,12,75354.0,2015,Carson,TX,744,218.0,162192.0,0.46459751405741345,297600,0.25320564516129035
58720,Pattern Panhandle Wind 2 LLC,12,75594.0,2015,Carson,TX,744,181.7,135184.8,0.5591900864594245,297600,0.25401209677419356
58242,Pattern Panhandle Wind LLC,1,58359.0,2016,Carson,TX,744,218.0,162192.0,0.35981429416987276,297600,0.19609879032258065
58720,Pattern Panhandle Wind 2 LLC,1,56971.0,2016,Carson,TX,744,181.7,135184.8,0.42143051585681235,297600,0.191434811827957
58242,Pattern Panhandle Wind LLC,2,81504.0,2016,Carson,TX,696,218.0,151728.0,0.5371717810819361,278400,0.2927586206896552
58720,Pattern Panhandle Wind 2 LLC,2,75375.0,2016,Carson,TX,696,181.7,126463.2,0.5960231909361775,278400,0.2707435344827586
58242,Pattern Panhandle Wind LLC,3,81928.0,2016,Carson,TX,744,218.0,162192.0,0.5051297227976719,297600,0.27529569892473116
58720,Pattern Panhandle Wind 2 LLC,3,77570.0,2016,Carson,TX,744,181.7,135184.8,0.5738071144093123,297600,0.26065188172043013
58242,Pattern Panhandle Wind LLC,4,72601.0,2016,Carson,TX,720,218.0,156960.0,0.4625445973496432,288000,0.25208680555555557
58720,Pattern Panhandle Wind 2 LLC,4,68873.0,2016,Carson,TX,720,181.7,130823.99999999999,0.5264553904482359,288000,0.23914236111111112
58242,Pattern Panhandle Wind LLC,5,73521.0,2016,Carson,TX,744,218.0,162192.0,0.4532960935187925,297600,0.24704637096774193
58720,Pattern Panhandle Wind 2 LLC,5,74845.0,2016,Carson,TX,744,181.7,135184.8,0.5536495227274073,297600,0.2514952956989247
58242,Pattern Panhandle Wind LLC,6,56991.0,2016,Carson,TX,720,218.0,156960.0,0.36309250764525997,288000,0.19788541666666667
58720,Pattern Panhandle Wind 2 LLC,6,62926.0,2016,Carson,TX,720,181.7,130823.99999999999,0.48099737051305574,288000,0.21849305555555557
58242,Pattern Panhandle Wind LLC,7,69892.0,2016,Carson,TX,744,218.0,162192.0,0.43092137713327416,297600,0.23485215053763442
58720,Pattern Panhandle Wind 2 LLC,7,76136.0,2016,Carson,TX,744,181.7,135184.8,0.563199412951752,297600,0.25583333333333336
58242,Pattern Panhandle Wind LLC,8,48325.0,2016,Carson,TX,744,218.0,162192.0,0.297949343987373,297600,0.16238239247311828
58720,Pattern Panhandle Wind 2 LLC,8,55618.0,2016,Carson,TX,744,181.7,135184.8,0.4114219941886958,297600,0.18688844086021505
58242,Pattern Panhandle Wind LLC,9,64807.0,2016,Carson,TX,720,218.0,156960.0,0.4128886340468909,288000,0.22502430555555555
58720,Pattern Panhandle Wind 2 LLC,9,72944.0,2016,Carson,TX,720,181.7,130823.99999999999,0.5575735339081515,288000,0.25327777777777777
58242,Pattern Panhandle Wind LLC,10,83331.0,2016,Carson,TX,744,218.0,162192.0,0.5137799644865345,297600,0.2800100806451613
58720,Pattern Panhandle Wind 2 LLC,10,87294.0,2016,Carson,TX,744,181.7,135184.8,0.645738278267971,297600,0.2933266129032258
58242,Pattern Panhandle Wind LLC,11,54906.0,2016,Carson,TX,720,218.0,156960.0,0.34980886850152904,288000,0.19064583333333332
58720,Pattern Panhandle Wind 2 LLC,11,55240.0,2016,Carson,TX,720,181.7,130823.99999999999,0.4222466825658901,288000,0.19180555555555556
58242,Pattern Panhandle Wind LLC,12,76099.0,2016,Carson,TX,744,218.0,162192.0,0.4691908355529249,297600,0.2557090053763441
58720,Pattern Panhandle Wind 2 LLC,12,74741.0,2016,Carson,TX,744,181.7,135184.8,0.5528802054668869,297600,0.25114583333333335
58242,Pattern Panhandle Wind LLC,1,64981.0,2017,Carson,TX,744,218.0,162192.0,0.4006424484561507,297600,0.21835013440860215
58720,Pattern Panhandle Wind 2 LLC,1,71396.692,2017,Carson,TX,744,181.7,135184.8,0.528141418265959,297600,0.2399082392473118
58242,Pattern Panhandle Wind LLC,2,72211.0,2017,Carson,TX,672,218.0,146496.0,0.4929213084316295,268800,0.2686421130952381
58720,Pattern Panhandle Wind 2 LLC,2,70673.709,2017,Carson,TX,672,181.7,122102.4,0.5788068784888749,268800,0.2629230245535714
58242,Pattern Panhandle Wind LLC,3,86977.0,2017,Carson,TX,744,218.0,162192.0,0.5362594949196015,297600,0.2922614247311828
58720,Pattern Panhandle Wind 2 LLC,3,85637.864,2017,Carson,TX,744,181.7,135184.8,0.6334873743201899,297600,0.28776163978494623
58242,Pattern Panhandle Wind LLC,4,86427.0,2017,Carson,TX,720,218.0,156960.0,0.5506307339449541,288000,0.30009375
58720,Pattern Panhandle Wind 2 LLC,4,83686.395,2017,Carson,TX,720,181.7,130823.99999999999,0.6396868693817649,288000,0.29057776041666666
58242,Pattern Panhandle Wind LLC,5,73734.0,2017,Carson,TX,744,218.0,162192.0,0.4546093518792542,297600,0.24776209677419356
58720,Pattern Panhandle Wind 2 LLC,5,74750.996,2017,Carson,TX,744,181.7,135184.8,0.552954148691273,297600,0.25117942204301075
58242,Pattern Panhandle Wind LLC,6,60139.0,2017,Carson,TX,720,218.0,156960.0,0.3831485728848114,288000,0.20881597222222223
58720,Pattern Panhandle Wind 2 LLC,6,57135.567,2017,Carson,TX,720,181.7,130823.99999999999,0.436736126398826,288000,0.19838738541666667
58242,Pattern Panhandle Wind LLC,7,45337.0,2017,Carson,TX,744,218.0,162192.0,0.2795267337476571,297600,0.15234206989247312
58720,Pattern Panhandle Wind 2 LLC,7,52931.526,2017,Carson,TX,744,181.7,135184.8,0.39154939016812546,297600,0.17786131048387097
58242,Pattern Panhandle Wind LLC,8,32200.0,2017,Carson,TX,744,218.0,162192.0,0.19853013712143633,297600,0.1081989247311828
58720,Pattern Panhandle Wind 2 LLC,8,43434.267,2017,Carson,TX,744,181.7,135184.8,0.32129549328030965,297600,0.14594847782258064
58242,Pattern Panhandle Wind LLC,9,59051.0,2017,Carson,TX,720,218.0,156960.0,0.37621687054026504,288000,0.20503819444444443
58720,Pattern Panhandle Wind 2 LLC,9,55145.586,2017,Carson,TX,720,181.7,130823.99999999999,0.42152499541368565,288000,0.19147772916666667
58242,Pattern Panhandle Wind LLC,10,85868.0,2017,Carson,TX,744,218.0,162192.0,0.5294219197001085,297600,0.2885349462365591
58720,Pattern Panhandle Wind 2 LLC,10,68571.639,2017,Carson,TX,744,181.7,135184.8,0.5072437063930264,297600,0.23041545362903224
58242,Pattern Panhandle Wind LLC,11,56719.0,2017,Carson,TX,720,218.0,156960.0,0.36135958205912333,288000,0.19694097222222223
58720,Pattern Panhandle Wind 2 LLC,11,66250.403,2017,Carson,TX,720,181.7,130823.99999999999,0.5064086329725433,288000,0.2300361215277778
58242,Pattern Panhandle Wind LLC,12,44425.0,2017,Carson,TX,744,218.0,162192.0,0.273903768373286,297600,0.14927755376344087
58720,Pattern Panhandle Wind 2 LLC,12,58970.356,2017,Carson,TX,744,181.7,135184.8,0.43622031470993783,297600,0.19815307795698925
58242,Pattern Panhandle Wind LLC,1,63311.0,2018,Carson,TX,744,218.0,162192.0,0.3903460096675545,297600,0.2127385752688172
58720,Pattern Panhandle Wind 2 LLC,1,67286.481,2018,Carson,TX,744,181.7,135184.8,0.4977370310863352,297600,0.22609704637096775
58242,Pattern Panhandle Wind LLC,2,49934.0,2018,Carson,TX,672,218.0,146496.0,0.3408557230231542,268800,0.18576636904761903
58720,Pattern Panhandle Wind 2 LLC,2,61535.041,2018,Carson,TX,672,181.7,122102.4,0.5039625838640355,268800,0.22892500372023808
58242,Pattern Panhandle Wind LLC,3,55625.0,2018,Carson,TX,744,218.0,162192.0,0.3429577291111769,297600,0.1869119623655914
58720,Pattern Panhandle Wind 2 LLC,3,73429.746,2018,Carson,TX,744,181.7,135184.8,0.5431804907060558,297600,0.24673973790322581
58242,Pattern Panhandle Wind LLC,4,77394.0,2018,Carson,TX,720,218.0,156960.0,0.49308103975535167,288000,0.2687291666666667
58720,Pattern Panhandle Wind 2 LLC,4,76063.529,2018,Carson,TX,720,181.7,130823.99999999999,0.5814187687274507,288000,0.26410947569444443
58242,Pattern Panhandle Wind LLC,5,81069.0,2018,Carson,TX,744,218.0,162192.0,0.499833530630364,297600,0.2724092741935484
58720,Pattern Panhandle Wind 2 LLC,5,77562.13,2018,Carson,TX,744,181.7,135184.8,0.5737488978050788,297600,0.260625436827957
58242,Pattern Panhandle Wind LLC,6,84051.0,2018,Carson,TX,720,218.0,156960.0,0.535493119266055,288000,0.29184375
58720,Pattern Panhandle Wind 2 LLC,6,77730.82,2018,Carson,TX,720,181.7,130823.99999999999,0.5941633033694125,288000,0.2698986805555556
58242,Pattern Panhandle Wind LLC,7,45321.0,2018,Carson,TX,744,218.0,162192.0,0.27942808523231727,297600,0.1522883064516129
58720,Pattern Panhandle Wind 2 LLC,7,46960.815,2018,Carson,TX,744,181.7,135184.8,0.34738236103467257,297600,0.1577984375
58242,Pattern Panhandle Wind LLC,8,60120.0,2018,Carson,TX,744,218.0,162192.0,0.37067179638946435,297600,0.20201612903225807
58720,Pattern Panhandle Wind 2 LLC,8,59954.004,2018,Carson,TX,744,181.7,135184.8,0.44349663571644155,297600,0.20145834677419355
58242,Pattern Panhandle Wind LLC,9,58130.0,2018,Carson,TX,720,218.0,156960.0,0.37034913353720694,288000,0.20184027777777777
58720,Pattern Panhandle Wind 2 LLC,9,41980.149,2018,Carson,TX,720,181.7,130823.99999999999,0.3208902724270776,288000,0.14576440624999998
58242,Pattern Panhandle Wind LLC,10,58679.0,2018,Carson,TX,744,218.0,162192.0,0.36178726447666965,297600,0.19717405913978495
58720,Pattern Panhandle Wind 2 LLC,10,55932.975,2018,Carson,TX,744,181.7,135184.8,0.41375195288227673,297600,0.1879468245967742
58242,Pattern Panhandle Wind LLC,11,62676.0,2018,Carson,TX,720,218.0,156960.0,0.3993119266055046,288000,0.217625
58720,Pattern Panhandle Wind 2 LLC,11,60411.52,2018,Carson,TX,720,181.7,130823.99999999999,0.46177704396746777,288000,0.2097622222222222
58242,Pattern Panhandle Wind LLC,12,67730.0,2018,Carson,TX,744,218.0,162192.0,0.4175914964979777,297600,0.22758736559139786
58720,Pattern Panhandle Wind 2 LLC,12,63658.79,2018,Carson,TX,744,181.7,135184.8,0.47090198010427214,297600,0.2139072244623656
58242,Pattern Panhandle Wind LLC,1,75329.0,2019,Carson,TX,744,218.0,162192.0,0.4644433757521949,297600,0.25312163978494623
58720,Pattern Panhandle Wind 2 LLC,1,66474.313,2019,Carson,TX,744,181.7,135184.8,0.491729195885928,297600,0.22336798723118279
58242,Pattern Panhandle Wind LLC,2,74113.0,2019,Carson,TX,672,218.0,146496.0,0.5059045980777632,268800,0.27571800595238094
58720,Pattern Panhandle Wind 2 LLC,2,63738.208,2019,Carson,TX,672,181.7,122102.4,0.5220061849726132,268800,0.23712130952380953
58242,Pattern Panhandle Wind LLC,3,60891.0,2019,Carson,TX,744,218.0,162192.0,0.37542542172240306,297600,0.2046068548387097
58720,Pattern Panhandle Wind 2 LLC,3,63041.711,2019,Carson,TX,744,181.7,135184.8,0.46633727312538104,297600,0.2118337063172043
58242,Pattern Panhandle Wind LLC,4,74500.0,2019,Carson,TX,720,218.0,156960.0,0.47464322120285424,288000,0.2586805555555556
58720,Pattern Panhandle Wind 2 LLC,4,73393.111,2019,Carson,TX,720,181.7,130823.99999999999,0.5610064743472146,288000,0.25483719097222224
58242,Pattern Panhandle Wind LLC,5,62585.0,2019,Carson,TX,744,218.0,162192.0,0.3858698332840091,297600,0.21029905913978494
58720,Pattern Panhandle Wind 2 LLC,5,71665.412,2019,Carson,TX,744,181.7,135184.8,0.5301292157106421,297600,0.24081119623655914
58242,Pattern Panhandle Wind LLC,6,57153.0,2019,Carson,TX,720,218.0,156960.0,0.36412461773700305,288000,0.19844791666666667
58720,Pattern Panhandle Wind 2 LLC,6,56798.136,2019,Carson,TX,720,181.7,130823.99999999999,0.43415685195376996,288000,0.19721575
58242,Pattern Panhandle Wind LLC,7,55268.0,2019,Carson,TX,744,218.0,162192.0,0.3407566341126566,297600,0.18571236559139784
58720,Pattern Panhandle Wind 2 LLC,7,58799.292,2019,Carson,TX,744,181.7,135184.8,0.4349549061728834,297600,0.19757826612903226
58242,Pattern Panhandle Wind LLC,8,53050.0,2019,Carson,TX,744,218.0,162192.0,0.32708148367367074,297600,0.17825940860215053
58720,Pattern Panhandle Wind 2 LLC,8,56512.204,2019,Carson,TX,744,181.7,135184.8,0.4180366727620265,297600,0.18989315860215053
58242,Pattern Panhandle Wind LLC,9,61991.0,2019,Carson,TX,720,218.0,156960.0,0.39494775739041793,288000,0.21524652777777778
58720,Pattern Panhandle Wind 2 LLC,9,55135.567,2019,Carson,TX,720,181.7,130823.99999999999,0.42144841160643315,288000,0.19144294097222223
58242,Pattern Panhandle Wind LLC,10,60075.0,2019,Carson,TX,744,218.0,162192.0,0.37039434744007105,297600,0.20186491935483872
58720,Pattern Panhandle Wind 2 LLC,10,63063.387,2019,Carson,TX,744,181.7,135184.8,0.46649761659594874,297600,0.21190654233870967
58242,Pattern Panhandle Wind LLC,11,41397.0,2019,Carson,TX,720,218.0,156960.0,0.26374235474006114,288000,0.14373958333333334
58720,Pattern Panhandle Wind 2 LLC,11,58503.823,2019,Carson,TX,720,181.7,130823.99999999999,0.4471948801443161,288000,0.20313827430555553
58242,Pattern Panhandle Wind LLC,12,53011.0,2019,Carson,TX,744,218.0,162192.0,0.32684102791752984,297600,0.17812836021505377
58720,Pattern Panhandle Wind 2 LLC,12,60220.836,2019,Carson,TX,744,181.7,135184.8,0.4454704670939337,297600,0.20235495967741937
58242,Pattern Panhandle Wind LLC,1,41227.0,2020,Carson,TX,744,218.0,162192.0,0.2541863963697346,297600,0.13853158602150537
58720,Pattern Panhandle Wind 2 LLC,1,59451.53,2020,Carson,TX,744,181.7,135184.8,0.43977969416679985,297600,0.1997699260752688
58242,Pattern Panhandle Wind LLC,2,51784.0,2020,Carson,TX,696,218.0,151728.0,0.3412949488558473,278400,0.18600574712643678
58720,Pattern Panhandle Wind 2 LLC,2,57554.592,2020,Carson,TX,696,181.7,126463.2,0.4551094073216556,278400,0.20673344827586207
58242,Pattern Panhandle Wind LLC,3,64219.0,2020,Carson,TX,744,218.0,162192.0,0.3959443129130907,297600,0.2157896505376344
58720,Pattern Panhandle Wind 2 LLC,3,57295.761,2020,Carson,TX,744,181.7,135184.8,0.42383286434569567,297600,0.19252607862903226
58242,Pattern Panhandle Wind LLC,4,67577.0,2020,Carson,TX,720,218.0,156960.0,0.4305364424057085,288000,0.23464236111111111
58720,Pattern Panhandle Wind 2 LLC,4,57686.724,2020,Carson,TX,720,181.7,130823.99999999999,0.4409490919097414,288000,0.200301125
58242,Pattern Panhandle Wind LLC,5,62478.0,2020,Carson,TX,744,218.0,162192.0,0.38521012133767385,297600,0.20993951612903225
58720,Pattern Panhandle Wind 2 LLC,5,60134.557,2020,Carson,TX,744,181.7,135184.8,0.44483223705623715,297600,0.2020650436827957
58242,Pattern Panhandle Wind LLC,6,68536.0,2020,Carson,TX,720,218.0,156960.0,0.43664627930682975,288000,0.23797222222222222
58720,Pattern Panhandle Wind 2 LLC,6,63283.652,2020,Carson,TX,720,181.7,130823.99999999999,0.4837312113985202,288000,0.2197349027777778
58242,Pattern Panhandle Wind LLC,7,49413.0,2020,Carson,TX,744,218.0,162192.0,0.30465744303048237,297600,0.1660383064516129
58720,Pattern Panhandle Wind 2 LLC,7,52089.752,2020,Carson,TX,744,181.7,135184.8,0.3853225510560359,297600,0.1750327688172043
58242,Pattern Panhandle Wind LLC,8,60665.0,2020,Carson,TX,744,218.0,162192.0,0.3740320114432278,297600,0.20384744623655915
58720,Pattern Panhandle Wind 2 LLC,8,47822.488,2020,Carson,TX,744,181.7,135184.8,0.3537563986483688,297600,0.1606938440860215
58242,Pattern Panhandle Wind LLC,9,35633.0,2020,Carson,TX,720,218.0,156960.0,0.22701962283384303,288000,0.12372569444444445
58720,Pattern Panhandle Wind 2 LLC,9,38903.028,2020,Carson,TX,720,181.7,130823.99999999999,0.2973691983122363,288000,0.13507995833333333
58242,Pattern Panhandle Wind LLC,10,34720.0,2020,Carson,TX,744,218.0,162192.0,0.21406727828746178,297600,0.11666666666666667
58720,Pattern Panhandle Wind 2 LLC,10,54839.54,2020,Carson,TX,744,181.7,135184.8,0.4056635065480735,297600,0.18427264784946237
58242,Pattern Panhandle Wind LLC,11,38526.0,2020,Carson,TX,720,218.0,156960.0,0.24545107033639144,288000,0.13377083333333334
58720,Pattern Panhandle Wind 2 LLC,11,55634.614,2020,Carson,TX,720,181.7,130823.99999999999,0.42526305570843276,288000,0.19317574305555557
58242,Pattern Panhandle Wind LLC,12,49300.0,2020,Carson,TX,744,218.0,162192.0,0.3039607378908947,297600,0.16565860215053763
58720,Pattern Panhandle Wind 2 LLC,12,59254.762,2020,Carson,TX,744,181.7,135184.8,0.43832414590989527,297600,0.1991087432795699
58242,Pattern Panhandle Wind LLC,1,48000.0,2021,Carson,TX,744,218.0,162192.0,0.2959455460195324,297600,0.16129032258064516
58720,Pattern Panhandle Wind 2 LLC,1,53338.593,2021,Carson,TX,744,181.7,135184.8,0.3945605792958972,297600,0.17922914314516128
58242,Pattern Panhandle Wind LLC,2,34941.0,2021,Carson,TX,672,218.0,146496.0,0.23851163171690695,268800,0.12998883928571428
58720,Pattern Panhandle Wind 2 LLC,2,42428.612,2021,Carson,TX,672,181.7,122102.4,0.34748384962130147,268800,0.15784453869047618
58242,Pattern Panhandle Wind LLC,3,47789.0,2021,Carson,TX,744,218.0,162192.0,0.29464461872348824,297600,0.16058131720430108
58720,Pattern Panhandle Wind 2 LLC,3,72789.911,2021,Carson,TX,744,181.7,135184.8,0.5384474511927376,297600,0.24458975470430105
58242,Pattern Panhandle Wind LLC,4,42971.0,2021,Carson,TX,720,218.0,156960.0,0.2737703873598369,288000,0.14920486111111111
58720,Pattern Panhandle Wind 2 LLC,4,63140.44,2021,Carson,TX,720,181.7,130823.99999999999,0.48263651929309614,288000,0.2192376388888889
58242,Pattern Panhandle Wind LLC,5,70137.0,2021,Carson,TX,744,218.0,162192.0,0.43243193252441553,297600,0.23567540322580646
58720,Pattern Panhandle Wind 2 LLC,5,63397.352,2021,Carson,TX,744,181.7,135184.8,0.4689680496623881,297600,0.2130287365591398
58242,Pattern Panhandle Wind LLC,6,52106.0,2021,Carson,TX,720,218.0,156960.0,0.3319699286442406,288000,0.1809236111111111
58720,Pattern Panhandle Wind 2 LLC,6,47599.238,2021,Carson,TX,720,181.7,130823.99999999999,0.36384178743961354,288000,0.16527513194444443
58242,Pattern Panhandle Wind LLC,7,39091.0,2021,Carson,TX,744,218.0,162192.0,0.24101681957186544,297600,0.13135416666666666
58720,Pattern Panhandle Wind 2 LLC,7,36467.371,2021,Carson,TX,744,181.7,135184.8,0.26975940342405363,297600,0.12253820900537635
58242,Pattern Panhandle Wind LLC,8,54249.0,2021,Carson,TX,744,218.0,162192.0,0.3344739567919503,297600,0.1822883064516129
58720,Pattern Panhandle Wind 2 LLC,8,47704.371,2021,Carson,TX,744,181.7,135184.8,0.35288265396701407,297600,0.16029694556451612
58242,Pattern Panhandle Wind LLC,9,64508.0,2021,Carson,TX,720,218.0,156960.0,0.4109836901121305,288000,0.2239861111111111
58720,Pattern Panhandle Wind 2 LLC,9,45230.298,2021,Carson,TX,720,181.7,130823.99999999999,0.34573394789946804,288000,0.15704964583333333
58242,Pattern Panhandle Wind LLC,10,62283.0,2021,Carson,TX,744,218.0,162192.0,0.3840078425569695,297600,0.2092842741935484
58720,Pattern Panhandle Wind 2 LLC,10,56330.888,2021,Carson,TX,744,181.7,135184.8,0.41669542729656,297600,0.18928389784946237
58242,Pattern Panhandle Wind LLC,11,34403.0,2021,Carson,TX,720,218.0,156960.0,0.21918323139653414,288000,0.11945486111111112
58720,Pattern Panhandle Wind 2 LLC,11,54984.213,2021,Carson,TX,720,181.7,130823.99999999999,0.4202914832140892,288000,0.19091740625
58242,Pattern Panhandle Wind LLC,12,72656.0,2021,Carson,TX,744,218.0,162192.0,0.4479629081582322,297600,0.24413978494623656
58720,Pattern Panhandle Wind 2 LLC,12,62448.713,2021,Carson,TX,744,181.7,135184.8,0.46195070007870714,297600,0.2098411055107527
58242,Pattern Panhandle Wind LLC,1,68425.0,2022,Carson,TX,744,218.0,162192.0,0.4218765413830522,297600,0.22992271505376344
58720,Pattern Panhandle Wind 2 LLC,1,59816.34,2022,Carson,TX,744,181.7,135184.8,0.4424782963765157,297600,0.20099576612903225
58242,Pattern Panhandle Wind LLC,2,66996.0,2022,Carson,TX,672,218.0,146496.0,0.45732306684141544,268800,0.24924107142857144
58720,Pattern Panhandle Wind 2 LLC,2,59408.025,2022,Carson,TX,672,181.7,122102.4,0.4865426478103625,268800,0.22101199776785715
58242,Pattern Panhandle Wind LLC,3,72910.0,2022,Carson,TX,744,218.0,162192.0,0.44952895333925225,297600,0.24499327956989247
58720,Pattern Panhandle Wind 2 LLC,3,76266.557,2022,Carson,TX,744,181.7,135184.8,0.5641651798131151,297600,0.25627203293010753
58242,Pattern Panhandle Wind LLC,4,70645.0,2022,Carson,TX,720,218.0,156960.0,0.45008282364933744,288000,0.24529513888888888
58720,Pattern Panhandle Wind 2 LLC,4,81872.454,2022,Carson,TX,720,181.7,130823.99999999999,0.6258213630526509,288000,0.28427935416666666
58242,Pattern Panhandle Wind LLC,5,77573.0,2022,Carson,TX,744,218.0,162192.0,0.47827883002860805,297600,0.2606619623655914
58720,Pattern Panhandle Wind 2 LLC,5,84927.235,2022,Carson,TX,744,181.7,135184.8,0.628230651670898,297600,0.2853737735215054
58242,Pattern Panhandle Wind LLC,6,64007.0,2022,Carson,TX,720,218.0,156960.0,0.40779179408766564,288000,0.22224652777777779
58720,Pattern Panhandle Wind 2 LLC,6,66270.586,2022,Carson,TX,720,181.7,130823.99999999999,0.5065629089463707,288000,0.23010620138888888
58242,Pattern Panhandle Wind LLC,7,44111.0,2022,Carson,TX,744,218.0,162192.0,0.2719677912597415,297600,0.14822244623655914
58720,Pattern Panhandle Wind 2 LLC,7,59747.454,2022,Carson,TX,744,181.7,135184.8,0.4419687272533599,297600,0.2007642943548387
58242,Pattern Panhandle Wind LLC,8,32508.0,2022,Carson,TX,744,218.0,162192.0,0.20042912104172833,297600,0.10923387096774194
58720,Pattern Panhandle Wind 2 LLC,8,42793.3,2022,Carson,TX,744,181.7,135184.8,0.3165540800445021,297600,0.14379469086021507
58242,Pattern Panhandle Wind LLC,9,47692.0,2022,Carson,TX,720,218.0,156960.0,0.3038481141692151,288000,0.16559722222222223
58720,Pattern Panhandle Wind 2 LLC,9,39486.62,2022,Carson,TX,720,181.7,130823.99999999999,0.3018300923377974,288000,0.13710631944444446
58242,Pattern Panhandle Wind LLC,10,40036.0,2022,Carson,TX,744,218.0,162192.0,0.24684324750912498,297600,0.1345295698924731
58720,Pattern Panhandle Wind 2 LLC,10,51488.215,2022,Carson,TX,744,181.7,135184.8,0.3808728126239045,297600,0.1730114751344086
58242,Pattern Panhandle Wind LLC,11,64183.0,2022,Carson,TX,720,218.0,156960.0,0.4089130988786952,288000,0.22285763888888888
58720,Pattern Panhandle Wind 2 LLC,11,62427.502,2022,Carson,TX,720,181.7,130823.99999999999,0.47718692288876663,288000,0.21676215972222224
58242,Pattern Panhandle Wind LLC,12,53254.0,2022,Carson,TX,744,218.0,162192.0,0.3283392522442537,297600,0.1789448924731183
58720,Pattern Panhandle Wind 2 LLC,12,58642.712,2022,Carson,TX,744,181.7,135184.8,0.4337966398589191,297600,0.19705212365591399
58242,Pattern Panhandle Wind LLC,1,59567.0,2023,Carson,TX,744,218.0,162192.0,0.36726225707803095,297600,0.2001579301075269
58720,Pattern Panhandle Wind 2 LLC,1,62150.0,2023,Carson,TX,744,181.7,135184.8,0.4597410359744587,297600,0.20883736559139784
58242,Pattern Panhandle Wind LLC,2,34600.0,2023,Carson,TX,672,218.0,146496.0,0.2361839231105286,268800,0.12872023809523808
58720,Pattern Panhandle Wind 2 LLC,2,37698.0,2023,Carson,TX,672,181.7,122102.4,0.30874086013051344,268800,0.14024553571428572
58242,Pattern Panhandle Wind LLC,3,24506.0,2023,Carson,TX,744,218.0,162192.0,0.15109253230738878,297600,0.08234543010752689
58720,Pattern Panhandle Wind 2 LLC,3,26719.0,2023,Carson,TX,744,181.7,135184.8,0.1976479604215859,297600,0.08978158602150538
58242,Pattern Panhandle Wind LLC,4,45376.0,2023,Carson,TX,720,218.0,156960.0,0.2890927624872579,288000,0.15755555555555556
58720,Pattern Panhandle Wind 2 LLC,4,52605.0,2023,Carson,TX,720,181.7,130823.99999999999,0.40210511832691254,288000,0.18265625
58242,Pattern Panhandle Wind LLC,5,50481.0,2023,Carson,TX,744,218.0,162192.0,0.311242231429417,297600,0.16962701612903225
58720,Pattern Panhandle Wind 2 LLC,5,57984.0,2023,Carson,TX,744,181.7,135184.8,0.4289239618655352,297600,0.19483870967741934
58242,Pattern Panhandle Wind LLC,6,35151.0,2023,Carson,TX,720,218.0,156960.0,0.2239487767584098,288000,0.12205208333333334
58720,Pattern Panhandle Wind 2 LLC,6,43328.0,2023,Carson,TX,720,181.7,130823.99999999999,0.3311930532623984,288000,0.15044444444444444
58242,Pattern Panhandle Wind LLC,7,46266.0,2023,Carson,TX,744,218.0,162192.0,0.2852545131695768,297600,0.15546370967741935
58720,Pattern Panhandle Wind 2 LLC,7,55921.0,2023,Carson,TX,744,181.7,135184.8,0.41366337043809664,297600,0.18790658602150537
58242,Pattern Panhandle Wind LLC,8,43568.0,2023,Carson,TX,744,218.0,162192.0,0.2686199072703956,297600,0.1463978494623656
58720,Pattern Panhandle Wind 2 LLC,8,51903.0,2023,Carson,TX,744,181.7,135184.8,0.3839410939691445,297600,0.17440524193548387
58242,Pattern Panhandle Wind LLC,9,45788.0,2023,Carson,TX,720,218.0,156960.0,0.2917176350662589,288000,0.1589861111111111
58720,Pattern Panhandle Wind 2 LLC,9,53935.0,2023,Carson,TX,720,181.7,130823.99999999999,0.4122714486638538,288000,0.18727430555555555
58242,Pattern Panhandle Wind LLC,10,42929.0,2023,Carson,TX,744,218.0,162192.0,0.26468013218901054,297600,0.14425067204301076
58720,Pattern Panhandle Wind 2 LLC,10,44474.0,2023,Carson,TX,744,181.7,135184.8,0.32898669081139303,297600,0.14944220430107527
58242,Pattern Panhandle Wind LLC,11,48864.0,2023,Carson,TX,720,218.0,156960.0,0.3113149847094801,288000,0.16966666666666666
58720,Pattern Panhandle Wind 2 LLC,11,50453.0,2023,Carson,TX,720,181.7,130823.99999999999,0.3856555372102978,288000,0.17518402777777778
58242,Pattern Panhandle Wind LLC,12,58756.0,2023,Carson,TX,744,218.0,162192.0,0.3622620104567426,297600,0.19743279569892472
58720,Pattern Panhandle Wind 2 LLC,12,57919.0,2023,Carson,TX,744,181.7,135184.8,0.42844313857770994,297600,0.19462029569892472
58242,Pattern Panhandle Wind LLC,1,50174.0,2024,Carson,TX,744,218.0,162192.0,0.30934941304133373,297600,0.1685954301075269
58720,Pattern Panhandle Wind 2 LLC,1,52248.0,2024,Carson,TX,744,181.7,135184.8,0.38649315603529394,297600,0.17556451612903226
58242,Pattern Panhandle Wind LLC,2,41455.0,2024,Carson,TX,696,218.0,151728.0,0.2732191816935569,278400,0.14890445402298852
58720,Pattern Panhandle Wind 2 LLC,2,43722.0,2024,Carson,TX,696,181.7,126463.2,0.3457290342170687,278400,0.15704741379310344
58242,Pattern Panhandle Wind LLC,3,42958.0,2024,Carson,TX,744,218.0,162192.0,0.26485893262306404,297600,0.1443481182795699
58720,Pattern Panhandle Wind 2 LLC,3,45679.0,2024,Carson,TX,744,181.7,135184.8,0.3379004148395382,297600,0.15349126344086023
58242,Pattern Panhandle Wind LLC,4,37228.0,2024,Carson,TX,720,218.0,156960.0,0.2371814475025484,288000,0.1292638888888889
58720,Pattern Panhandle Wind 2 LLC,4,38162.0,2024,Carson,TX,720,181.7,130823.99999999999,0.2917048859536477,288000,0.13250694444444444
58242,Pattern Panhandle Wind LLC,5,51534.0,2024,Carson,TX,744,218.0,162192.0,0.31773453684522046,297600,0.17316532258064515
58720,Pattern Panhandle Wind 2 LLC,5,60276.0,2024,Carson,TX,744,181.7,135184.8,0.4458785307223889,297600,0.20254032258064517
58242,Pattern Panhandle Wind LLC,6,52288.0,2024,Carson,TX,720,218.0,156960.0,0.33312945973496433,288000,0.18155555555555555
58720,Pattern Panhandle Wind 2 LLC,6,64101.0,2024,Carson,TX,720,181.7,130823.99999999999,0.48997890295358654,288000,0.22257291666666668
58242,Pattern Panhandle Wind LLC,7,47648.0,2024,Carson,TX,744,218.0,162192.0,0.29377527868205583,297600,0.16010752688172042
58720,Pattern Panhandle Wind 2 LLC,7,59892.0,2024,Carson,TX,744,181.7,135184.8,0.44303797468354433,297600,0.20125
58242,Pattern Panhandle Wind LLC,8,40176.0,2024,Carson,TX,744,218.0,162192.0,0.24770642201834864,297600,0.135
58720,Pattern Panhandle Wind 2 LLC,8,52732.0,2024,Carson,TX,744,181.7,135184.8,0.39007344020925433,297600,0.17719086021505376
58242,Pattern Panhandle Wind LLC,9,39757.0,2024,Carson,TX,720,218.0,156960.0,0.2532938328236493,288000,0.1380451388888889
58720,Pattern Panhandle Wind 2 LLC,9,52746.0,2024,Carson,TX,720,181.7,130823.99999999999,0.4031829022197762,288000,0.18314583333333334
58242,Pattern Panhandle Wind LLC,10,39018.0,2024,Carson,TX,744,218.0,162192.0,0.2405667357206274,297600,0.13110887096774193
58720,Pattern Panhandle Wind 2 LLC,10,49046.0,2024,Carson,TX,744,181.7,135184.8,0.3628070611488866,297600,0.1648051075268817
58242,Pattern Panhandle Wind LLC,11,31319.0,2024,Carson,TX,720,218.0,156960.0,0.1995349133537207,288000,0.10874652777777778
58720,Pattern Panhandle Wind 2 LLC,11,44636.0,2024,Carson,TX,720,181.7,130823.99999999999,0.3411912187366233,288000,0.1549861111111111
58242,Pattern Panhandle Wind LLC,12,49621.0,2024,Carson,TX,744,218.0,162192.0,0.3059398737299004,297600,0.1667372311827957
58720,Pattern Panhandle Wind 2 LLC,12,50721.0,2024,Carson,TX,744,181.7,135184.8,0.37519750741207597,297600,0.1704334677419355
